BOUGHT,TCS,55560.0,1582.8571428571959,2021-12-29 09:19:00,True,15
SOLD,TCS,55377.0,112202.37142857148,2021-12-29 15:29:00,True,15
BOUGHT,TCS,55297.5,1845.3571428571959,2021-12-30 09:16:00,True,15
SOLD,TCS,56040.0,112866.87142857148,2021-12-30 15:29:00,True,15
BOUGHT,TCS,56316.75,826.1071428571959,2021-12-31 09:15:00,True,15
SOLD,TCS,56100.0,112921.04714285723,2021-12-31 15:29:00,True,15
BOUGHT,TCS,56547.75,595.1071428571959,2022-01-03 09:15:00,True,15
SOLD,TCS,57225.0,114044.72714285718,2022-01-03 15:29:00,True,15
BOUGHT,TCS,53818.799999999996,3324.0571428572002,2022-01-04 09:15:00,True,14
SOLD,TCS,54301.799999999996,111137.12114285745,2022-01-04 15:29:00,True,14
BOUGHT,TCS,54108.6,3034.2571428571973,2022-01-05 09:18:00,True,14
SOLD,TCS,53984.0,110817.6651428572,2022-01-05 15:29:00,True,14
BOUGHT,TCS,53532.5,3610.357142857196,2022-01-06 09:21:00,True,14
SOLD,TCS,53339.299999999996,110176.25714285739,2022-01-06 15:29:00,True,14
BOUGHT,TCS,53540.9,3601.9571428571944,2022-01-07 09:15:00,True,14
SOLD,TCS,54024.6,110861.5091428572,2022-01-07 15:29:00,True,14
BOUGHT,TCS,54972.4,2170.4571428571944,2022-01-10 09:15:00,True,14
SOLD,TCS,54370.4,111199.12914285727,2022-01-10 15:29:00,True,14
BOUGHT,TCS,54424.299999999996,2718.5571428572002,2022-01-11 09:16:00,True,14
SOLD,TCS,54824.0,111655.8611428572,2022-01-11 15:29:00,True,14
BOUGHT,TCS,54896.1,2246.7571428571973,2022-01-12 09:15:00,True,14
SOLD,TCS,53994.5,110823.6651428572,2022-01-12 15:29:00,True,14
BOUGHT,TCS,54638.5,2504.357142857196,2022-01-13 09:15:00,True,14
SOLD,TCS,54572.0,111402.63714285719,2022-01-13 15:29:00,True,14
BOUGHT,TCS,54170.200000000004,2972.6571428571915,2022-01-14 09:22:00,True,14
SOLD,TCS,55522.6,112355.9131428572,2022-01-14 15:29:00,True,14
BOUGHT,TCS,55902.0,1240.8571428571959,2022-01-17 09:15:00,True,14
SOLD,TCS,56350.0,113173.41714285719,2022-01-17 15:29:00,True,14
BOUGHT,TCS,56551.6,591.2571428571973,2022-01-18 09:15:00,True,14
SOLD,TCS,55902.0,112721.70514285719,2022-01-18 15:29:00,True,14
BOUGHT,TCS,55541.5,1601.3571428571959,2022-01-19 09:17:00,True,14
SOLD,TCS,54873.0,111698.47714285718,2022-01-19 15:29:00,True,14
BOUGHT,TCS,54402.6,2740.2571428571973,2022-01-20 09:30:00,True,14
SOLD,TCS,53664.1,110496.08514285719,2022-01-20 15:29:00,True,14
BOUGHT,TCS,56818.5,324.35714285719587,2022-01-21 09:17:00,True,15
SOLD,TCS,57630.0,114448.18000000005,2022-01-21 15:29:00,True,15
BOUGHT,TCS,53410.0,3732.857142857196,2022-01-24 09:32:00,True,14
SOLD,TCS,52762.5,109600.15714285719,2022-01-24 15:29:00,True,14
BOUGHT,TCS,56039.25,1103.6071428571959,2022-01-25 09:21:00,True,15
SOLD,TCS,56473.5,113296.13285714292,2022-01-25 15:29:00,True,15
BOUGHT,TCS,55962.0,1180.8571428571959,2022-01-27 09:17:00,True,15
SOLD,TCS,54786.0,111609.07428571433,2022-01-27 15:29:00,True,15
BOUGHT,TCS,55170.0,1972.8571428571959,2022-01-28 09:15:00,True,15
SOLD,TCS,55425.75,112253.35000000005,2022-01-28 15:29:00,True,15
BOUGHT,TCS,55973.25,1169.6071428571959,2022-01-31 09:15:00,True,15
SOLD,TCS,56174.25,112997.26000000005,2022-01-31 15:29:00,True,15
BOUGHT,TCS,56484.75,658.1071428571959,2022-02-01 09:15:00,True,15
SOLD,TCS,57075.0,113895.0871428572,2022-02-01 15:29:00,True,15
BOUGHT,TCS,53638.9,3503.9571428571944,2022-02-02 09:15:00,True,14
SOLD,TCS,54094.6,110930.9491428572,2022-02-02 15:29:00,True,14
BOUGHT,TCS,53913.299999999996,3229.5571428572002,2022-02-03 09:16:00,True,14
SOLD,TCS,53440.799999999996,110275.5811428572,2022-02-03 15:29:00,True,14
BOUGHT,TCS,56757.0,385.85714285719587,2022-02-04 09:22:00,True,15
SOLD,TCS,57255.0,114073.53142857147,2022-02-04 15:29:00,True,15
BOUGHT,TCS,53457.6,3685.2571428571973,2022-02-07 09:18:00,True,14
SOLD,TCS,52945.200000000004,109782.58514285719,2022-02-07 15:29:00,True,14
BOUGHT,TCS,56895.0,247.85714285719587,2022-02-08 09:15:00,True,15
SOLD,TCS,56070.0,112887.7428571429,2022-02-08 15:29:00,True,15
BOUGHT,TCS,56268.75,874.1071428571959,2022-02-09 09:15:00,True,15
SOLD,TCS,56421.0,113242.32142857148,2022-02-09 15:29:00,True,15
BOUGHT,TCS,56670.0,472.85714285719587,2022-02-10 09:15:00,True,15
SOLD,TCS,56485.5,113304.52857142861,2022-02-10 15:29:00,True,15
BOUGHT,TCS,56017.5,1125.3571428571959,2022-02-11 09:19:00,True,15
SOLD,TCS,55395.0,112217.7571428572,2022-02-11 15:29:00,True,15
BOUGHT,TCS,55916.25,1226.6071428571959,2022-02-14 09:15:00,True,15
SOLD,TCS,55937.25,112760.58571428576,2022-02-14 15:29:00,True,15
BOUGHT,TCS,56760.0,382.85714285719587,2022-02-15 09:15:00,True,15
SOLD,TCS,57518.25,114336.76428571434,2022-02-15 15:29:00,True,15
BOUGHT,TCS,53883.9,3258.9571428571944,2022-02-16 09:15:00,True,14
SOLD,TCS,53340.0,110174.9491428572,2022-02-16 15:29:00,True,14
BOUGHT,TCS,53531.799999999996,3611.0571428572002,2022-02-17 09:15:00,True,14
SOLD,TCS,52973.9,109810.8611428572,2022-02-17 15:29:00,True,14
BOUGHT,TCS,56539.5,603.3571428571959,2022-02-18 09:17:00,True,15
SOLD,TCS,56983.5,113803.27428571462,2022-02-18 15:29:00,True,15
BOUGHT,TCS,53459.0,3683.857142857196,2022-02-21 09:15:00,True,14
SOLD,TCS,52065.299999999996,108902.67714285731,2022-02-21 15:29:00,True,14
BOUGHT,TCS,54406.5,2736.357142857196,2022-02-22 09:16:00,True,15
SOLD,TCS,53852.25,110684.2128571429,2022-02-22 15:29:00,True,15
BOUGHT,TCS,54030.75,3112.107142857196,2022-02-23 09:15:00,True,15
SOLD,TCS,53578.5,110412.61000000004,2022-02-23 15:29:00,True,15
BOUGHT,TCS,55492.0,1650.8571428571959,2022-02-24 09:16:00,True,16
SOLD,TCS,54492.8,111318.56000000006,2022-02-24 15:29:00,True,16
BOUGHT,TCS,55810.4,1332.4571428571944,2022-02-25 09:15:00,True,16
SOLD,TCS,56368.0,113191.94057142876,2022-02-25 15:29:00,True,16
BOUGHT,TCS,55741.6,1401.2571428571973,2022-02-28 09:18:00,True,16
SOLD,TCS,56816.0,113640.33371428578,2022-02-28 15:29:00,True,16
BOUGHT,TCS,56938.4,204.4571428571944,2022-03-02 09:15:00,True,16
SOLD,TCS,56784.0,113601.49485714316,2022-03-02 15:29:00,True,16
BOUGHT,TCS,56986.4,156.4571428571944,2022-03-03 09:15:00,True,16
SOLD,TCS,56719.2,113536.42057142864,2022-03-03 15:29:00,True,16
BOUGHT,TCS,56030.4,1112.4571428571944,2022-03-04 09:22:00,True,16
SOLD,TCS,56288.0,113110.68342857149,2022-03-04 15:29:00,True,16
BOUGHT,TCS,55514.4,1628.4571428571944,2022-03-07 09:39:00,True,16
SOLD,TCS,55697.6,112523.23200000006,2022-03-07 15:29:00,True,16
BOUGHT,TCS,56330.4,812.4571428571944,2022-03-08 09:15:00,True,16
SOLD,TCS,57504.0,114324.96914285749,2022-03-08 15:29:00,True,16
BOUGHT,TCS,54219.75,2923.107142857196,2022-03-09 09:15:00,True,15
SOLD,TCS,54570.0,111403.03000000006,2022-03-09 15:29:00,True,15
BOUGHT,TCS,54948.75,2194.107142857196,2022-03-10 09:15:00,True,15
SOLD,TCS,54315.75,111144.61428571447,2022-03-10 15:29:00,True,15
BOUGHT,TCS,54270.0,2872.857142857196,2022-03-11 09:16:00,True,15
SOLD,TCS,54045.0,110877.7428571429,2022-03-11 15:29:00,True,15
BOUGHT,TCS,53884.5,3258.357142857196,2022-03-14 09:16:00,True,15
SOLD,TCS,54675.0,111509.94571428577,2022-03-14 15:29:00,True,15
BOUGHT,TCS,54798.0,2344.857142857196,2022-03-15 09:15:00,True,15
SOLD,TCS,53970.0,110799.72571428577,2022-03-15 15:29:00,True,15
BOUGHT,TCS,54703.5,2439.357142857196,2022-03-16 09:15:00,True,15
SOLD,TCS,54943.5,111773.76571428576,2022-03-16 15:29:00,True,15
BOUGHT,TCS,55499.25,1643.6071428571959,2022-03-17 09:15:00,True,15
SOLD,TCS,55059.0,111884.71857142862,2022-03-17 15:29:00,True,15
BOUGHT,TCS,55428.0,1714.8571428571959,2022-03-21 09:15:00,True,15
SOLD,TCS,54300.0,111126.12571428576,2022-03-21 15:29:00,True,15
BOUGHT,TCS,54699.0,2443.857142857196,2022-03-22 09:15:00,True,15
SOLD,TCS,55575.0,112405.29142857148,2022-03-22 15:29:00,True,15
BOUGHT,TCS,55659.75,1483.1071428571959,2022-03-23 09:15:00,True,15
SOLD,TCS,55665.0,112489.80142857149,2022-03-23 15:29:00,True,15
BOUGHT,TCS,55851.75,1291.1071428571959,2022-03-24 09:15:00,True,15
SOLD,TCS,56115.0,112938.70428571434,2022-03-24 15:29:00,True,15
BOUGHT,TCS,56513.25,629.6071428571959,2022-03-25 09:15:00,True,15
SOLD,TCS,55650.0,112469.92428571434,2022-03-25 15:29:00,True,15
BOUGHT,TCS,55386.0,1756.8571428571959,2022-03-28 09:18:00,True,15
SOLD,TCS,55500.0,112326.36571428576,2022-03-28 15:29:00,True,15
BOUGHT,TCS,55629.75,1513.1071428571959,2022-03-29 09:16:00,True,15
SOLD,TCS,55541.25,112366.22285714328,2022-03-29 15:29:00,True,15
BOUGHT,TCS,55729.5,1413.3571428571959,2022-03-30 09:15:00,True,15
SOLD,TCS,55950.0,112774.40285714298,2022-03-30 15:29:00,True,15
BOUGHT,TCS,56235.0,907.8571428571959,2022-03-31 09:15:00,True,15
SOLD,TCS,56142.75,112964.26428571434,2022-03-31 15:29:00,True,15
BOUGHT,TCS,56091.0,1051.8571428571959,2022-04-01 09:21:00,True,15
SOLD,TCS,56370.0,113192.3371428572,2022-04-01 15:29:00,True,15
BOUGHT,TCS,56244.75,898.1071428571959,2022-04-04 09:17:00,True,15
SOLD,TCS,56580.0,113401.45857142862,2022-04-04 15:29:00,True,15
BOUGHT,TCS,56925.0,217.85714285719587,2022-04-05 09:15:00,True,15
SOLD,TCS,57187.5,114005.07142857148,2022-04-05 15:29:00,True,15
BOUGHT,TCS,56938.5,204.35714285719587,2022-04-06 09:22:00,True,15
SOLD,TCS,56280.0,113097.49428571435,2022-04-06 15:29:00,True,15
BOUGHT,TCS,55770.0,1372.8571428571959,2022-04-07 09:42:00,True,15
SOLD,TCS,55244.25,112068.42142857194,2022-04-07 15:29:00,True,15
BOUGHT,TCS,55405.5,1737.3571428571959,2022-04-08 09:15:00,True,15
SOLD,TCS,55350.75,112177.00428571433,2022-04-08 15:29:00,True,15
BOUGHT,TCS,55395.75,1747.1071428571959,2022-04-11 09:15:00,True,15
SOLD,TCS,55437.0,112263.31000000007,2022-04-11 15:29:00,True,15
BOUGHT,TCS,55218.0,1924.8571428571959,2022-04-12 09:17:00,True,15
SOLD,TCS,55300.5,112127.82571428597,2022-04-12 15:29:00,True,15
BOUGHT,TCS,55526.25,1616.6071428571959,2022-04-13 09:15:00,True,15
SOLD,TCS,54960.0,111785.56428571434,2022-04-13 15:29:00,True,15
BOUGHT,TCS,53794.5,3348.357142857196,2022-04-18 09:20:00,True,15
SOLD,TCS,52960.5,109795.96000000044,2022-04-18 15:29:00,True,15
BOUGHT,TCS,56951.2,191.65714285719878,2022-04-19 09:15:00,True,16
SOLD,TCS,55360.0,112177.42171428577,2022-04-19 15:29:00,True,16
BOUGHT,TCS,55977.6,1165.2571428571973,2022-04-20 09:15:00,True,16
SOLD,TCS,56928.0,113750.9851428572,2022-04-20 15:29:00,True,16
BOUGHT,TCS,53800.5,3342.357142857196,2022-04-21 09:15:00,True,15
SOLD,TCS,54315.0,111150.42571428577,2022-04-21 15:29:00,True,15
BOUGHT,TCS,53754.75,3388.107142857196,2022-04-22 09:20:00,True,15
SOLD,TCS,54195.0,111030.6871428572,2022-04-22 15:29:00,True,15
BOUGHT,TCS,56768.0,374.85714285719587,2022-04-25 09:26:00,True,16
SOLD,TCS,56747.2,113565.66857142863,2022-04-25 15:29:00,True,16
BOUGHT,TCS,56927.2,215.65714285719878,2022-04-26 09:15:00,True,16
SOLD,TCS,56704.0,113521.55885714291,2022-04-26 15:29:00,True,16
BOUGHT,TCS,56558.4,584.4571428571944,2022-04-27 09:23:00,True,16
SOLD,TCS,56960.0,113779.66628571434,2022-04-27 15:29:00,True,16
BOUGHT,TCS,53687.25,3455.607142857196,2022-04-28 09:15:00,True,15
SOLD,TCS,53700.0,110536.0728571429,2022-04-28 15:29:00,True,15
BOUGHT,TCS,53855.25,3287.607142857196,2022-04-29 09:15:00,True,15
SOLD,TCS,53220.0,110055.1128571429,2022-04-29 15:29:00,True,15
BOUGHT,TCS,56492.8,650.057142857193,2022-05-02 09:21:00,True,16
SOLD,TCS,56619.2,113439.24114285721,2022-05-02 15:29:00,True,16
BOUGHT,TCS,56320.0,822.8571428571959,2022-05-04 09:17:00,True,16
SOLD,TCS,55728.0,112549.02857142861,2022-05-04 15:29:00,True,16
BOUGHT,TCS,55994.4,1148.4571428571944,2022-05-05 09:15:00,True,16
SOLD,TCS,56140.0,112962.88914285741,2022-05-05 15:29:00,True,16
BOUGHT,TCS,55472.0,1670.8571428571959,2022-05-06 09:18:00,True,16
SOLD,TCS,55056.0,111881.87428571434,2022-05-06 15:29:00,True,16
BOUGHT,TCS,54081.6,3061.2571428571973,2022-05-09 09:19:00,True,16
SOLD,TCS,55120.8,111954.61942857149,2022-05-09 15:29:00,True,16
BOUGHT,TCS,55167.2,1975.6571428571988,2022-05-10 09:15:00,True,16
SOLD,TCS,55032.0,111859.61600000005,2022-05-10 15:29:00,True,16
BOUGHT,TCS,55020.8,2122.057142857193,2022-05-11 09:18:00,True,16
SOLD,TCS,54756.0,111584.45257142886,2022-05-11 15:29:00,True,16
BOUGHT,TCS,53908.8,3234.057142857193,2022-05-12 09:16:00,True,16
SOLD,TCS,54640.0,111474.80685714292,2022-05-12 15:29:00,True,16
BOUGHT,TCS,54569.6,2573.2571428571973,2022-05-13 09:21:00,True,16
SOLD,TCS,54528.0,111359.0308571429,2022-05-13 15:29:00,True,16
BOUGHT,TCS,54576.0,2566.857142857196,2022-05-16 09:20:00,True,16
SOLD,TCS,54160.0,110990.99428571435,2022-05-16 15:29:00,True,16
BOUGHT,TCS,53886.4,3256.4571428571944,2022-05-17 09:16:00,True,16
SOLD,TCS,55468.0,112302.93485714291,2022-05-17 15:29:00,True,16
BOUGHT,TCS,55589.6,1553.2571428571973,2022-05-18 09:15:00,True,16
SOLD,TCS,55280.0,112105.20228571433,2022-05-18 15:29:00,True,16
BOUGHT,TCS,53918.4,3224.4571428571944,2022-05-19 09:24:00,True,16
SOLD,TCS,52350.4,109185.15200000006,2022-05-19 15:29:00,True,16
BOUGHT,TCS,56078.75,1064.1071428571959,2022-05-20 09:15:00,True,17
SOLD,TCS,56066.0,112888.40714285719,2022-05-20 15:29:00,True,17
BOUGHT,TCS,56067.7,1075.1571428571988,2022-05-23 09:16:00,True,17
SOLD,TCS,56390.7,113213.17028571434,2022-05-23 15:29:00,True,17
BOUGHT,TCS,56075.350000000006,1067.50714285719,2022-05-24 09:19:00,True,17
SOLD,TCS,55962.3,112784.72657142862,2022-05-24 15:29:00,True,17
BOUGHT,TCS,55137.8,2005.057142857193,2022-05-25 09:23:00,True,17
SOLD,TCS,53809.25,110637.03400000006,2022-05-25 15:29:00,True,17
BOUGHT,TCS,54327.75,2815.107142857196,2022-05-26 09:15:00,True,17
SOLD,TCS,54909.149999999994,111741.56285714291,2022-05-26 15:29:00,True,17
BOUGHT,TCS,55270.399999999994,1872.4571428572017,2022-05-27 09:15:00,True,17
SOLD,TCS,55533.899999999994,112360.92628571435,2022-05-27 15:29:00,True,17
BOUGHT,TCS,56128.05,1014.807142857193,2022-05-30 09:15:00,True,17
SOLD,TCS,57460.0,114282.12542857185,2022-05-30 15:29:00,True,17
BOUGHT,TCS,56848.0,294.85714285719587,2022-05-31 09:19:00,True,17
SOLD,TCS,57205.0,114023.01142857179,2022-05-31 15:29:00,True,17
BOUGHT,TCS,53977.6,3165.2571428571973,2022-06-01 09:15:00,True,16
SOLD,TCS,53696.0,110530.41371428577,2022-06-01 15:29:00,True,16
BOUGHT,TCS,53929.6,3213.2571428571973,2022-06-02 09:15:00,True,16
SOLD,TCS,54800.0,111634.68800000005,2022-06-02 15:29:00,True,16
BOUGHT,TCS,55369.6,1773.2571428571973,2022-06-03 09:15:00,True,16
SOLD,TCS,55032.0,111858.45942857148,2022-06-03 15:29:00,True,16
BOUGHT,TCS,54349.6,2793.2571428571973,2022-06-06 09:35:00,True,16
SOLD,TCS,54927.2,111759.48800000019,2022-06-06 15:29:00,True,16
BOUGHT,TCS,54304.8,2838.057142857193,2022-06-07 09:17:00,True,16
SOLD,TCS,53776.0,110608.54400000005,2022-06-07 15:29:00,True,16
BOUGHT,TCS,53849.6,3293.2571428571973,2022-06-08 09:15:00,True,16
SOLD,TCS,54246.4,111081.5451428572,2022-06-08 15:29:00,True,16
BOUGHT,TCS,53894.4,3248.4571428571944,2022-06-09 09:24:00,True,16
SOLD,TCS,54958.4,111793.28914285742,2022-06-09 15:29:00,True,16
BOUGHT,TCS,57097.899999999994,44.95714285720169,2022-06-10 10:18:00,True,17
SOLD,TCS,57060.5,113877.0834285715,2022-06-10 15:29:00,True,17
BOUGHT,TCS,55755.75,1387.1071428571959,2022-06-13 09:16:00,True,17
SOLD,TCS,54825.0,111649.25285714291,2022-06-13 15:29:00,True,17
BOUGHT,TCS,54312.45,2830.407142857199,2022-06-14 09:16:00,True,17
SOLD,TCS,54655.0,111487.50028571441,2022-06-14 15:29:00,True,17
BOUGHT,TCS,54820.75,2322.107142857196,2022-06-15 09:15:00,True,17
SOLD,TCS,54485.0,111314.59571428577,2022-06-15 15:29:00,True,17
BOUGHT,TCS,54988.2,2154.657142857199,2022-06-16 09:15:00,True,17
SOLD,TCS,53465.0,110293.63885714291,2022-06-16 15:29:00,True,17
BOUGHT,TCS,55404.0,1738.8571428571959,2022-06-17 09:16:00,True,18
SOLD,TCS,55854.0,112680.26285714291,2022-06-17 15:29:00,True,18
BOUGHT,TCS,55884.6,1258.2571428571973,2022-06-20 09:15:00,True,18
SOLD,TCS,56429.1,113252.61657142863,2022-06-20 15:29:00,True,18
BOUGHT,TCS,56439.0,703.8571428571959,2022-06-21 09:15:00,True,18
SOLD,TCS,57870.0,114690.34857142862,2022-06-21 15:29:00,True,18
BOUGHT,TCS,54410.2,2732.657142857199,2022-06-22 09:16:00,True,17
SOLD,TCS,54825.0,111656.94171428577,2022-06-22 15:29:00,True,17
BOUGHT,TCS,55063.850000000006,2079.00714285719,2022-06-23 09:15:00,True,17
SOLD,TCS,56320.149999999994,113148.35657142862,2022-06-23 15:29:00,True,17
BOUGHT,TCS,56733.25,409.60714285719587,2022-06-24 09:15:00,True,17
SOLD,TCS,56015.850000000006,112834.51714285719,2022-06-24 15:29:00,True,17
BOUGHT,TCS,56827.600000000006,315.25714285719005,2022-06-27 09:15:00,True,17
SOLD,TCS,56456.149999999994,113274.27800000005,2022-06-27 15:29:00,True,17
BOUGHT,TCS,55811.0,1331.8571428571959,2022-06-28 10:04:00,True,17
SOLD,TCS,56410.25,113234.1871428572,2022-06-28 15:29:00,True,17
BOUGHT,TCS,56071.100000000006,1071.75714285719,2022-06-29 09:16:00,True,17
SOLD,TCS,55879.0,112701.45085714292,2022-06-29 15:29:00,True,17
BOUGHT,TCS,56106.8,1036.057142857193,2022-06-30 09:16:00,True,17
SOLD,TCS,55496.5,112318.74685714292,2022-06-30 15:29:00,True,17
BOUGHT,TCS,55829.7,1313.1571428571988,2022-07-01 09:16:00,True,17
SOLD,TCS,56627.0,113450.83028571449,2022-07-01 15:29:00,True,17
BOUGHT,TCS,55283.149999999994,1859.7071428572017,2022-07-04 10:17:00,True,17
SOLD,TCS,54991.600000000006,111818.5534285716,2022-07-04 15:29:00,True,17
BOUGHT,TCS,55334.149999999994,1808.7071428572017,2022-07-05 09:15:00,True,17
SOLD,TCS,54689.0,111515.66200000007,2022-07-05 15:29:00,True,17
BOUGHT,TCS,54973.75,2169.107142857196,2022-07-06 09:15:00,True,17
SOLD,TCS,55505.0,112333.72142857147,2022-07-06 15:29:00,True,17
BOUGHT,TCS,55681.8,1461.057142857193,2022-07-07 09:15:00,True,17
SOLD,TCS,55998.0,112822.67542857149,2022-07-07 15:29:00,True,17
BOUGHT,TCS,55953.8,1189.057142857193,2022-07-08 09:17:00,True,17
SOLD,TCS,55530.5,112353.6211428572,2022-07-08 15:29:00,True,17
BOUGHT,TCS,56429.1,713.7571428571973,2022-07-11 09:52:00,True,18
SOLD,TCS,56014.200000000004,112834.60514285721,2022-07-11 15:29:00,True,18
BOUGHT,TCS,56226.6,916.2571428571973,2022-07-12 09:15:00,True,18
SOLD,TCS,55521.0,112342.56228571435,2022-07-12 15:29:00,True,18
BOUGHT,TCS,55942.200000000004,1200.6571428571915,2022-07-13 09:15:00,True,18
SOLD,TCS,54736.200000000004,111559.3874285715,2022-07-13 15:29:00,True,18
BOUGHT,TCS,54890.1,2252.7571428571973,2022-07-14 09:15:00,True,18
SOLD,TCS,54036.0,110865.19942857148,2022-07-14 15:29:00,True,18
BOUGHT,TCS,54351.9,2790.9571428571944,2022-07-15 09:15:00,True,18
SOLD,TCS,53910.9,110743.17485714292,2022-07-15 15:29:00,True,18
BOUGHT,TCS,54558.0,2584.857142857196,2022-07-18 09:15:00,True,18
SOLD,TCS,55186.200000000004,112017.29714285719,2022-07-18 15:29:00,True,18
BOUGHT,TCS,54733.5,2409.357142857196,2022-07-19 09:17:00,True,18
SOLD,TCS,55332.0,112162.09428571434,2022-07-19 15:29:00,True,18
BOUGHT,TCS,55919.700000000004,1223.1571428571915,2022-07-20 09:15:00,True,18
SOLD,TCS,56880.0,113703.31600000005,2022-07-20 15:29:00,True,18
BOUGHT,TCS,56842.200000000004,300.6571428571915,2022-07-21 09:17:00,True,18
SOLD,TCS,57221.1,114039.14457142903,2022-07-21 15:29:00,True,18
BOUGHT,TCS,54300.55,2842.307142857193,2022-07-22 09:15:00,True,17
SOLD,TCS,53909.55,110742.11828571439,2022-07-22 15:29:00,True,17
BOUGHT,TCS,56896.200000000004,246.6571428571915,2022-07-25 09:19:00,True,18
SOLD,TCS,56970.0,113787.73600000006,2022-07-25 15:29:00,True,18
BOUGHT,TCS,56856.6,286.2571428571973,2022-07-26 09:17:00,True,18
SOLD,TCS,56124.0,112941.96228571434,2022-07-26 15:29:00,True,18
BOUGHT,TCS,56250.0,892.8571428571959,2022-07-27 09:15:00,True,18
SOLD,TCS,57354.299999999996,114175.72857142866,2022-07-27 15:29:00,True,18
BOUGHT,TCS,54574.25,2568.607142857196,2022-07-28 09:15:00,True,17
SOLD,TCS,55454.0,112285.00428571433,2022-07-28 15:29:00,True,17
BOUGHT,TCS,55852.649999999994,1290.2071428572017,2022-07-29 09:15:00,True,17
SOLD,TCS,56100.0,112923.6991428572,2022-07-29 15:29:00,True,17
BOUGHT,TCS,56148.45,994.4071428571988,2022-08-01 09:15:00,True,17
SOLD,TCS,56077.05,112899.05885714293,2022-08-01 15:29:00,True,17
BOUGHT,TCS,55937.649999999994,1205.2071428572017,2022-08-02 09:20:00,True,17
SOLD,TCS,55828.0,112651.21342857149,2022-08-02 15:29:00,True,17
BOUGHT,TCS,55895.149999999994,1247.7071428572017,2022-08-03 09:16:00,True,17
SOLD,TCS,56729.0,113552.45628571465,2022-08-03 15:29:00,True,17
BOUGHT,TCS,57080.05,62.80714285719296,2022-08-04 09:15:00,True,17
SOLD,TCS,57035.0,113851.68542857148,2022-08-04 15:29:00,True,17
BOUGHT,TCS,53808.0,3334.857142857196,2022-08-05 09:15:00,True,16
SOLD,TCS,53820.8,110656.1828571429,2022-08-05 15:29:00,True,16
BOUGHT,TCS,53896.8,3246.057142857193,2022-08-08 09:15:00,True,16
SOLD,TCS,54013.6,110848.47542857184,2022-08-08 15:29:00,True,16
BOUGHT,TCS,57137.0,5.857142857195868,2022-08-10 09:21:00,True,17
SOLD,TCS,56980.600000000006,113796.96000000005,2022-08-10 15:29:00,True,17
BOUGHT,TCS,54176.0,2966.857142857196,2022-08-11 09:15:00,True,16
SOLD,TCS,54640.0,111473.28000000006,2022-08-11 15:29:00,True,16
BOUGHT,TCS,54548.8,2594.057142857193,2022-08-12 09:18:00,True,16
SOLD,TCS,54432.0,111263.14971428577,2022-08-12 15:29:00,True,16
BOUGHT,TCS,54504.8,2638.057142857193,2022-08-16 09:15:00,True,16
SOLD,TCS,54288.0,111119.40114285752,2022-08-16 15:29:00,True,16
BOUGHT,TCS,54082.4,3060.4571428571944,2022-08-17 09:16:00,True,16
SOLD,TCS,54293.6,111127.41485714293,2022-08-17 15:29:00,True,16
BOUGHT,TCS,54138.4,3004.4571428571944,2022-08-18 09:18:00,True,16
SOLD,TCS,54096.0,110929.49485714316,2022-08-18 15:29:00,True,16
BOUGHT,TCS,54254.4,2888.4571428571944,2022-08-19 09:15:00,True,16
SOLD,TCS,54191.2,111024.03200000006,2022-08-19 15:29:00,True,16
BOUGHT,TCS,53796.0,3346.857142857196,2022-08-22 09:21:00,True,16
SOLD,TCS,53664.0,110499.45142857148,2022-08-22 15:29:00,True,16
BOUGHT,TCS,56400.899999999994,741.9571428572017,2022-08-23 09:24:00,True,17
SOLD,TCS,56119.55,112940.11628571435,2022-08-23 15:29:00,True,17
BOUGHT,TCS,56124.649999999994,1018.2071428572017,2022-08-24 09:16:00,True,17
SOLD,TCS,55319.7,112141.84485714292,2022-08-24 15:29:00,True,17
BOUGHT,TCS,55584.05,1558.807142857193,2022-08-25 09:15:00,True,17
SOLD,TCS,54740.0,111565.23400000005,2022-08-25 15:29:00,True,17
BOUGHT,TCS,55095.3,2047.557142857193,2022-08-26 09:15:00,True,17
SOLD,TCS,54807.149999999994,111635.17685714291,2022-08-26 15:29:00,True,17
BOUGHT,TCS,55812.6,1330.2571428571973,2022-08-29 09:18:00,True,18
SOLD,TCS,56484.0,113307.92800000004,2022-08-29 15:29:00,True,18
BOUGHT,TCS,56767.5,375.35714285719587,2022-08-30 09:15:00,True,18
SOLD,TCS,57745.799999999996,114564.27142857148,2022-08-30 15:29:00,True,18
BOUGHT,TCS,56628.0,514.8571428571959,2022-09-01 09:19:00,True,18
SOLD,TCS,56447.1,113266.36857142861,2022-09-01 15:29:00,True,18
BOUGHT,TCS,56741.4,401.4571428571944,2022-09-02 09:15:00,True,18
SOLD,TCS,56294.1,113112.72057142862,2022-09-02 15:29:00,True,18
BOUGHT,TCS,56395.799999999996,747.0571428572002,2022-09-05 09:16:00,True,18
SOLD,TCS,56520.0,113340.59542857148,2022-09-05 15:29:00,True,18
BOUGHT,TCS,56494.799999999996,648.0571428572002,2022-09-06 09:16:00,True,18
SOLD,TCS,56286.0,113106.02971428588,2022-09-06 15:29:00,True,18
BOUGHT,TCS,56029.5,1113.3571428571959,2022-09-07 09:17:00,True,18
SOLD,TCS,56754.0,113576.68857142862,2022-09-07 15:29:00,True,18
BOUGHT,TCS,57112.200000000004,30.657142857191502,2022-09-08 09:15:00,True,18
SOLD,TCS,56968.200000000004,113784.70171428577,2022-09-08 15:29:00,True,18
BOUGHT,TCS,54179.0,2963.857142857196,2022-09-09 09:15:00,True,17
SOLD,TCS,54789.3,111622.56285714291,2022-09-09 15:29:00,True,17
BOUGHT,TCS,55148.0,1994.8571428571959,2022-09-12 09:15:00,True,17
SOLD,TCS,55046.0,111873.72571428577,2022-09-12 15:29:00,True,17
BOUGHT,TCS,55441.25,1701.6071428571959,2022-09-13 09:15:00,True,17
SOLD,TCS,54961.0,111787.0500000003,2022-09-13 15:29:00,True,17
BOUGHT,TCS,56340.0,802.8571428571959,2022-09-14 09:16:00,True,18
SOLD,TCS,56250.0,113070.91428571433,2022-09-14 15:29:00,True,18
BOUGHT,TCS,56403.0,739.8571428571959,2022-09-15 09:15:00,True,18
SOLD,TCS,55899.0,112719.55428571434,2022-09-15 15:29:00,True,18
BOUGHT,TCS,54855.9,2286.9571428571944,2022-09-16 09:27:00,True,18
SOLD,TCS,54261.0,111090.39485714292,2022-09-16 15:29:00,True,18
BOUGHT,TCS,54322.200000000004,2820.6571428571915,2022-09-19 09:15:00,True,18
SOLD,TCS,54503.1,111335.54457142862,2022-09-19 15:29:00,True,18
BOUGHT,TCS,54839.700000000004,2303.1571428571915,2022-09-20 09:15:00,True,18
SOLD,TCS,54594.0,111423.48742857158,2022-09-20 15:29:00,True,18
BOUGHT,TCS,54674.1,2468.7571428571973,2022-09-21 09:15:00,True,18
SOLD,TCS,54034.200000000004,110864.63371428577,2022-09-21 15:29:00,True,18
BOUGHT,TCS,56768.200000000004,374.6571428571915,2022-09-22 09:18:00,True,19
SOLD,TCS,57158.65,113977.11742857148,2022-09-22 15:29:00,True,19
BOUGHT,TCS,56961.049999999996,181.80714285720023,2022-09-23 09:21:00,True,19
SOLD,TCS,56746.35,113563.71542857148,2022-09-23 15:29:00,True,19
BOUGHT,TCS,55860.0,1282.8571428571959,2022-09-26 09:21:00,True,19
SOLD,TCS,57000.0,113823.65714285719,2022-09-26 15:29:00,True,19
BOUGHT,TCS,57057.950000000004,84.9071428571915,2022-09-27 09:15:00,True,19
SOLD,TCS,57463.6,114280.41171428577,2022-09-27 15:29:00,True,19
BOUGHT,TCS,56994.299999999996,148.55714285720023,2022-09-28 09:21:00,True,19
SOLD,TCS,57531.049999999996,114348.22542857149,2022-09-28 15:29:00,True,19
BOUGHT,TCS,54717.299999999996,2425.5571428572002,2022-09-29 09:15:00,True,18
SOLD,TCS,54180.0,111010.18685714297,2022-09-29 15:29:00,True,18
BOUGHT,TCS,56271.35,871.5071428571973,2022-09-30 09:48:00,True,19
SOLD,TCS,57152.0,113973.30657142863,2022-09-30 15:29:00,True,19
BOUGHT,TCS,56721.65,421.2071428571944,2022-10-03 09:17:00,True,19
SOLD,TCS,56764.4,113583.13342857148,2022-10-03 15:29:00,True,19
BOUGHT,TCS,54610.200000000004,2532.6571428571915,2022-10-04 09:15:00,True,18
SOLD,TCS,55710.0,112540.79885714292,2022-10-04 15:29:00,True,18
BOUGHT,TCS,56144.700000000004,998.1571428571915,2022-10-06 09:15:00,True,18
SOLD,TCS,55674.0,112496.03028571434,2022-10-06 15:29:00,True,18
BOUGHT,TCS,55559.700000000004,1583.1571428571915,2022-10-07 09:18:00,True,18
SOLD,TCS,55224.0,112049.37314285719,2022-10-07 15:29:00,True,18
BOUGHT,TCS,54991.799999999996,2151.0571428572002,2022-10-10 09:16:00,True,18
SOLD,TCS,56238.299999999996,113066.91828571435,2022-10-10 15:29:00,True,18
BOUGHT,TCS,56472.299999999996,670.5571428572002,2022-10-11 09:16:00,True,18
SOLD,TCS,55152.0,111972.15828571434,2022-10-11 15:29:00,True,18
BOUGHT,TCS,55582.200000000004,1560.6571428571915,2022-10-12 09:15:00,True,18
SOLD,TCS,55782.0,112607.24457142863,2022-10-12 15:29:00,True,18
BOUGHT,TCS,55512.0,1630.8571428571959,2022-10-13 09:18:00,True,18
SOLD,TCS,55802.700000000004,112628.34571428577,2022-10-13 15:29:00,True,18
BOUGHT,TCS,56489.4,653.4571428571944,2022-10-14 09:15:00,True,18
SOLD,TCS,55818.0,112638.06057142862,2022-10-14 15:29:00,True,18
BOUGHT,TCS,55534.5,1608.3571428571959,2022-10-17 09:19:00,True,18
SOLD,TCS,55980.0,112805.51714285719,2022-10-17 15:29:00,True,18
BOUGHT,TCS,56556.0,586.8571428571959,2022-10-18 09:15:00,True,18
SOLD,TCS,56466.0,113285.68000000005,2022-10-18 15:29:00,True,18
BOUGHT,TCS,56640.6,502.2571428571973,2022-10-19 09:15:00,True,18
SOLD,TCS,56178.0,112997.19657142862,2022-10-19 15:29:00,True,18
BOUGHT,TCS,56171.700000000004,971.1571428571915,2022-10-20 09:18:00,True,18
SOLD,TCS,56843.1,113664.97600000005,2022-10-20 15:29:00,True,18
BOUGHT,TCS,56681.1,461.7571428571973,2022-10-21 09:17:00,True,18
SOLD,TCS,56484.0,113302.9651428572,2022-10-21 15:29:00,True,18
BOUGHT,TCS,53997.100000000006,3145.75714285719,2022-10-24 18:15:00,True,17
SOLD,TCS,53722.55,110556.85228571434,2022-10-25 15:29:00,True,17
BOUGHT,TCS,57019.5,123.35714285719587,2022-10-27 09:15:00,True,18
SOLD,TCS,56916.9,113733.93142857148,2022-10-27 15:29:00,True,18
BOUGHT,TCS,56950.200000000004,192.6571428571915,2022-10-28 09:16:00,True,18
SOLD,TCS,56776.5,113593.92742857148,2022-10-28 15:29:00,True,18
BOUGHT,TCS,54265.7,2877.157142857199,2022-10-31 09:15:00,True,17
SOLD,TCS,54062.55,110895.31742857149,2022-10-31 15:29:00,True,17
BOUGHT,TCS,54659.25,2483.607142857196,2022-11-01 09:15:00,True,17
SOLD,TCS,55403.0,112233.51857142862,2022-11-01 15:29:00,True,17
BOUGHT,TCS,55232.149999999994,1910.7071428572017,2022-11-02 09:19:00,True,17
SOLD,TCS,55029.0,111856.24485714316,2022-11-02 15:29:00,True,17
BOUGHT,TCS,54822.45,2320.407142857199,2022-11-03 09:17:00,True,17
SOLD,TCS,54519.0,111348.58600000005,2022-11-03 15:29:00,True,17
BOUGHT,TCS,54422.100000000006,2720.75714285719,2022-11-04 09:16:00,True,17
SOLD,TCS,54723.0,111554.87371428577,2022-11-04 15:29:00,True,17
BOUGHT,TCS,55068.95,2073.907142857199,2022-11-07 09:15:00,True,17
SOLD,TCS,54923.600000000006,111751.77742857148,2022-11-07 15:29:00,True,17
BOUGHT,TCS,55138.649999999994,2004.2071428572017,2022-11-09 09:15:00,True,17
SOLD,TCS,54570.0,111397.77914285721,2022-11-09 15:29:00,True,17
BOUGHT,TCS,54663.5,2479.357142857196,2022-11-10 09:15:00,True,17
SOLD,TCS,54485.0,111315.49428571435,2022-11-10 15:29:00,True,17
BOUGHT,TCS,55535.600000000006,1607.25714285719,2022-11-11 09:15:00,True,17
SOLD,TCS,56372.0,113197.51085714292,2022-11-11 15:29:00,True,17
BOUGHT,TCS,56490.149999999994,652.7071428572017,2022-11-14 09:15:00,True,17
SOLD,TCS,56638.05,113458.10628571434,2022-11-14 15:29:00,True,17
BOUGHT,TCS,56587.05,555.807142857193,2022-11-15 09:18:00,True,17
SOLD,TCS,56761.3,113580.80257142863,2022-11-15 15:29:00,True,17
BOUGHT,TCS,56646.55,496.30714285719296,2022-11-16 09:20:00,True,17
SOLD,TCS,57120.0,113939.16257142863,2022-11-16 15:29:00,True,17
BOUGHT,TCS,56760.45,382.4071428571988,2022-11-17 09:16:00,True,17
SOLD,TCS,56865.0,113683.51171428576,2022-11-17 15:29:00,True,17
BOUGHT,TCS,56892.2,250.65714285719878,2022-11-18 09:15:00,True,17
SOLD,TCS,56850.55,113668.30885714293,2022-11-18 15:29:00,True,17
BOUGHT,TCS,56421.3,721.557142857193,2022-11-21 09:17:00,True,17
SOLD,TCS,55807.600000000006,112628.04971428581,2022-11-21 15:29:00,True,17
BOUGHT,TCS,55493.95,1648.9071428571988,2022-11-22 09:31:00,True,17
SOLD,TCS,56287.0,113112.74885714291,2022-11-22 15:29:00,True,17
BOUGHT,TCS,56422.149999999994,720.7071428572017,2022-11-23 09:15:00,True,17
SOLD,TCS,56202.0,113022.44485714292,2022-11-23 15:29:00,True,17
BOUGHT,TCS,56315.05,827.807142857193,2022-11-24 09:15:00,True,17
SOLD,TCS,57511.0,114332.05685714292,2022-11-24 15:29:00,True,17
BOUGHT,TCS,53792.0,3350.857142857196,2022-11-25 09:26:00,True,16
SOLD,TCS,54144.0,110979.47428571433,2022-11-25 15:29:00,True,16
BOUGHT,TCS,54022.4,3120.4571428571944,2022-11-28 09:31:00,True,16
SOLD,TCS,54272.0,111106.15771428577,2022-11-28 15:29:00,True,16
BOUGHT,TCS,54480.0,2662.857142857196,2022-11-29 09:15:00,True,16
SOLD,TCS,54240.0,111071.54285714291,2022-11-29 15:29:00,True,16
BOUGHT,TCS,54474.4,2668.4571428571944,2022-11-30 09:15:00,True,16
SOLD,TCS,54416.0,111247.57485714323,2022-11-30 15:29:00,True,16
BOUGHT,TCS,55136.0,2006.8571428571959,2022-12-01 09:15:00,True,16
SOLD,TCS,55571.2,112398.99428571433,2022-12-01 15:29:00,True,16
BOUGHT,TCS,55080.8,2062.057142857193,2022-12-02 09:19:00,True,16
SOLD,TCS,54993.6,111821.70971428594,2022-12-02 15:29:00,True,16
BOUGHT,TCS,54775.2,2367.657142857199,2022-12-05 09:20:00,True,16
SOLD,TCS,54800.0,111629.85600000016,2022-12-05 15:29:00,True,16
BOUGHT,TCS,54339.2,2803.657142857199,2022-12-06 09:32:00,True,16
SOLD,TCS,54160.0,110992.34742857149,2022-12-06 15:29:00,True,16
BOUGHT,TCS,53808.0,3334.857142857196,2022-12-07 09:33:00,True,16
SOLD,TCS,53920.0,110755.38285714292,2022-12-07 15:29:00,True,16
BOUGHT,TCS,56912.600000000006,230.25714285719005,2022-12-08 09:25:00,True,17
SOLD,TCS,57035.0,113852.64228571433,2022-12-08 15:29:00,True,17
BOUGHT,TCS,57063.899999999994,78.95714285720169,2022-12-09 09:15:00,True,17
SOLD,TCS,55930.0,112746.77771428577,2022-12-09 15:29:00,True,17
BOUGHT,TCS,55255.100000000006,1887.75714285719,2022-12-12 09:29:00,True,17
SOLD,TCS,55845.0,112672.11371428578,2022-12-12 15:29:00,True,17
BOUGHT,TCS,55751.5,1391.3571428571959,2022-12-13 09:16:00,True,17
SOLD,TCS,56567.5,113391.7771428572,2022-12-13 15:29:00,True,17
BOUGHT,TCS,56901.55,241.30714285719296,2022-12-14 09:15:00,True,17
SOLD,TCS,57171.0,113988.70542857192,2022-12-14 15:29:00,True,17
