Date,Outcome,Time of Entry,Option Symbol,Entry Price,Exit Price,Time of Exit,Quantity,SL,PnL,Cumulative PnL,Equity
2021-12-29 ,Bearish,09:19:00,TCS,3704.0,3691.8,15:29:00,15,,-183.0,-183.0,183.0
2021-12-30 ,Bullish,09:16:00,TCS,3686.5,3736.0,15:29:00,15,,742.5,559.5,-559.5
2021-12-31 ,Bearish,09:15:00,TCS,3754.45,3740.0,15:29:00,15,,-216.75,342.75,-342.75
2022-01-03 ,Bullish,09:15:00,TCS,3769.85,3815.0,15:29:00,15,,677.25,1020.0,-1020.0
2022-01-04 ,Bullish,09:15:00,TCS,3844.2,3878.7,15:29:00,14,,483.0,1503.0,-1503.0
2022-01-05 ,Bearish,09:18:00,TCS,3864.9,3856.0,15:29:00,14,,-124.59999999999854,1378.4000000000015,-1378.4000000000015
2022-01-06 ,Bearish,09:21:00,TCS,3823.75,3809.95,15:29:00,14,,-193.20000000000437,1185.199999999997,-1185.199999999997
2022-01-07 ,Bullish,09:15:00,TCS,3824.35,3858.9,15:29:00,14,,483.6999999999971,1668.8999999999942,-1668.8999999999942
2022-01-10 ,Bearish,09:15:00,TCS,3926.6,3883.6,15:29:00,14,,-602.0,1066.8999999999942,-1066.8999999999942
2022-01-11 ,Bullish,09:16:00,TCS,3887.45,3916.0,15:29:00,14,,399.70000000000437,1466.5999999999985,-1466.5999999999985
2022-01-12 ,Bearish,09:15:00,TCS,3921.15,3856.75,15:29:00,14,,-901.5999999999985,565.0,-565.0
2022-01-13 ,Bearish,09:15:00,TCS,3902.75,3898.0,15:29:00,14,,-66.5,498.5,-498.5
2022-01-14 ,Bullish,09:22:00,TCS,3869.3,3965.9,15:29:00,14,,1352.3999999999942,1850.8999999999942,-1850.8999999999942
2022-01-17 ,Bullish,09:15:00,TCS,3993.0,4025.0,15:29:00,14,,448.0,2298.899999999994,-2298.899999999994
2022-01-18 ,Bearish,09:15:00,TCS,4039.4,3993.0,15:29:00,14,,-649.5999999999985,1649.2999999999956,-1649.2999999999956
2022-01-19 ,Bearish,09:17:00,TCS,3967.25,3919.5,15:29:00,14,,-668.5,980.7999999999956,-980.7999999999956
2022-01-20 ,Bearish,09:30:00,TCS,3885.9,3833.15,15:29:00,14,,-738.5,242.29999999999563,-242.29999999999563
2022-01-21 ,Bullish,09:17:00,TCS,3787.9,3842.0,15:29:00,15,,811.5,1053.7999999999956,-1053.7999999999956
2022-01-24 ,Bearish,09:32:00,TCS,3815.0,3768.75,15:29:00,14,,-647.5,406.29999999999563,-406.29999999999563
2022-01-25 ,Bullish,09:21:00,TCS,3735.95,3764.9,15:29:00,15,,434.25,840.5499999999956,-840.5499999999956
2022-01-27 ,Bearish,09:17:00,TCS,3730.8,3652.4,15:29:00,15,,-1176.0,-335.45000000000437,335.45000000000437
2022-01-28 ,Bullish,09:15:00,TCS,3678.0,3695.05,15:29:00,15,,255.75,-79.70000000000437,79.70000000000437
2022-01-31 ,Bullish,09:15:00,TCS,3731.55,3744.95,15:29:00,15,,201.0,121.29999999999563,-121.29999999999563
2022-02-01 ,Bullish,09:15:00,TCS,3765.65,3805.0,15:29:00,15,,590.25,711.5499999999956,-711.5499999999956
2022-02-02 ,Bullish,09:15:00,TCS,3831.35,3863.9,15:29:00,14,,455.6999999999971,1167.2499999999927,-1167.2499999999927
2022-02-03 ,Bearish,09:16:00,TCS,3850.95,3817.2,15:29:00,14,,-472.5,694.7499999999927,-694.7499999999927
2022-02-04 ,Bullish,09:22:00,TCS,3783.8,3817.0,15:29:00,15,,498.0,1192.7499999999927,-1192.7499999999927
2022-02-07 ,Bearish,09:18:00,TCS,3818.4,3781.8,15:29:00,14,,-512.3999999999942,680.3499999999985,-680.3499999999985
2022-02-08 ,Bearish,09:15:00,TCS,3793.0,3738.0,15:29:00,15,,-825.0,-144.65000000000146,144.65000000000146
2022-02-09 ,Bullish,09:15:00,TCS,3751.25,3761.4,15:29:00,15,,152.25,7.599999999998545,-7.599999999998545
2022-02-10 ,Bearish,09:15:00,TCS,3778.0,3765.7,15:29:00,15,,-184.5,-176.90000000000146,176.90000000000146
2022-02-11 ,Bearish,09:19:00,TCS,3734.5,3693.0,15:29:00,15,,-622.5,-799.4000000000015,799.4000000000015
2022-02-14 ,Bullish,09:15:00,TCS,3727.75,3729.15,15:29:00,15,,21.0,-778.4000000000015,778.4000000000015
2022-02-15 ,Bullish,09:15:00,TCS,3784.0,3834.55,15:29:00,15,,758.25,-20.150000000001455,20.150000000001455
2022-02-16 ,Bearish,09:15:00,TCS,3848.85,3810.0,15:29:00,14,,-543.9000000000015,-564.0500000000029,564.0500000000029
2022-02-17 ,Bearish,09:15:00,TCS,3823.7,3783.85,15:29:00,14,,-557.8999999999942,-1121.949999999997,1121.949999999997
2022-02-18 ,Bullish,09:17:00,TCS,3769.3,3798.9,15:29:00,15,,444.0,-677.9499999999971,677.9499999999971
2022-02-21 ,Bearish,09:15:00,TCS,3818.5,3718.95,15:29:00,14,,-1393.7000000000044,-2071.6500000000015,2071.6500000000015
2022-02-22 ,Bearish,09:16:00,TCS,3627.1,3590.15,15:29:00,15,,-554.25,-2625.9000000000015,2625.9000000000015
2022-02-23 ,Bearish,09:15:00,TCS,3602.05,3571.9,15:29:00,15,,-452.25,-3078.1500000000015,3078.1500000000015
2022-02-24 ,Bearish,09:16:00,TCS,3468.25,3405.8,15:29:00,16,,-999.1999999999971,-4077.3499999999985,4077.3499999999985
2022-02-25 ,Bullish,09:15:00,TCS,3488.15,3523.0,15:29:00,16,,557.5999999999985,-3519.75,3519.75
2022-02-28 ,Bullish,09:18:00,TCS,3483.85,3551.0,15:29:00,16,,1074.4000000000015,-2445.3499999999985,2445.3499999999985
2022-03-02 ,Bearish,09:15:00,TCS,3558.65,3549.0,15:29:00,16,,-154.40000000000146,-2599.75,2599.75
2022-03-03 ,Bearish,09:15:00,TCS,3561.65,3544.95,15:29:00,16,,-267.20000000000437,-2866.9500000000044,2866.9500000000044
2022-03-04 ,Bullish,09:22:00,TCS,3501.9,3518.0,15:29:00,16,,257.59999999999854,-2609.350000000006,2609.350000000006
2022-03-07 ,Bullish,09:39:00,TCS,3469.65,3481.1,15:29:00,16,,183.1999999999971,-2426.1500000000087,2426.1500000000087
2022-03-08 ,Bullish,09:15:00,TCS,3520.65,3594.0,15:29:00,16,,1173.5999999999985,-1252.5500000000102,1252.5500000000102
2022-03-09 ,Bullish,09:15:00,TCS,3614.65,3638.0,15:29:00,15,,350.25,-902.3000000000102,902.3000000000102
2022-03-10 ,Bearish,09:15:00,TCS,3663.25,3621.05,15:29:00,15,,-633.0,-1535.3000000000102,1535.3000000000102
2022-03-11 ,Bearish,09:16:00,TCS,3618.0,3603.0,15:29:00,15,,-225.0,-1760.3000000000102,1760.3000000000102
2022-03-14 ,Bullish,09:16:00,TCS,3592.3,3645.0,15:29:00,15,,790.5,-969.8000000000102,969.8000000000102
2022-03-15 ,Bearish,09:15:00,TCS,3653.2,3598.0,15:29:00,15,,-828.0,-1797.8000000000102,1797.8000000000102
2022-03-16 ,Bullish,09:15:00,TCS,3646.9,3662.9,15:29:00,15,,240.0,-1557.8000000000102,1557.8000000000102
2022-03-17 ,Bearish,09:15:00,TCS,3699.95,3670.6,15:29:00,15,,-440.25,-1998.0500000000102,1998.0500000000102
2022-03-21 ,Bearish,09:15:00,TCS,3695.2,3620.0,15:29:00,15,,-1128.0,-3126.05000000001,3126.05000000001
2022-03-22 ,Bullish,09:15:00,TCS,3646.6,3705.0,15:29:00,15,,876.0,-2250.05000000001,2250.05000000001
2022-03-23 ,Bullish,09:15:00,TCS,3710.65,3711.0,15:29:00,15,,5.25,-2244.80000000001,2244.80000000001
2022-03-24 ,Bullish,09:15:00,TCS,3723.45,3741.0,15:29:00,15,,263.25,-1981.5500000000102,1981.5500000000102
2022-03-25 ,Bearish,09:15:00,TCS,3767.55,3710.0,15:29:00,15,,-863.25,-2844.80000000001,2844.80000000001
2022-03-28 ,Bullish,09:18:00,TCS,3692.4,3700.0,15:29:00,15,,114.0,-2730.80000000001,2730.80000000001
2022-03-29 ,Bearish,09:16:00,TCS,3708.65,3702.75,15:29:00,15,,-88.5,-2819.30000000001,2819.30000000001
2022-03-30 ,Bullish,09:15:00,TCS,3715.3,3730.0,15:29:00,15,,220.5,-2598.80000000001,2598.80000000001
2022-03-31 ,Bearish,09:15:00,TCS,3749.0,3742.85,15:29:00,15,,-92.25,-2691.05000000001,2691.05000000001
2022-04-01 ,Bullish,09:21:00,TCS,3739.4,3758.0,15:29:00,15,,279.0,-2412.05000000001,2412.05000000001
2022-04-04 ,Bullish,09:17:00,TCS,3749.65,3772.0,15:29:00,15,,335.25,-2076.80000000001,2076.80000000001
2022-04-05 ,Bullish,09:15:00,TCS,3795.0,3812.5,15:29:00,15,,262.5,-1814.3000000000102,1814.3000000000102
2022-04-06 ,Bearish,09:22:00,TCS,3795.9,3752.0,15:29:00,15,,-658.5,-2472.80000000001,2472.80000000001
2022-04-07 ,Bearish,09:42:00,TCS,3718.0,3682.95,15:29:00,15,,-525.75,-2998.55000000001,2998.55000000001
2022-04-08 ,Bearish,09:15:00,TCS,3693.7,3690.05,15:29:00,15,,-54.75,-3053.30000000001,3053.30000000001
2022-04-11 ,Bullish,09:15:00,TCS,3693.05,3695.8,15:29:00,15,,41.25,-3012.05000000001,3012.05000000001
2022-04-12 ,Bullish,09:17:00,TCS,3681.2,3686.7,15:29:00,15,,82.5,-2929.55000000001,2929.55000000001
2022-04-13 ,Bearish,09:15:00,TCS,3701.75,3664.0,15:29:00,15,,-566.25,-3495.80000000001,3495.80000000001
2022-04-18 ,Bearish,09:20:00,TCS,3586.3,3530.7,15:29:00,15,,-834.0,-4329.80000000001,4329.80000000001
2022-04-19 ,Bearish,09:15:00,TCS,3559.45,3460.0,15:29:00,16,,-1591.199999999997,-5921.000000000007,5921.000000000007
2022-04-20 ,Bullish,09:15:00,TCS,3498.6,3558.0,15:29:00,16,,950.4000000000015,-4970.600000000006,4970.600000000006
2022-04-21 ,Bullish,09:15:00,TCS,3586.7,3621.0,15:29:00,15,,514.5,-4456.100000000006,4456.100000000006
2022-04-22 ,Bullish,09:20:00,TCS,3583.65,3613.0,15:29:00,15,,440.25,-4015.850000000006,4015.850000000006
2022-04-25 ,Bearish,09:26:00,TCS,3548.0,3546.7,15:29:00,16,,-20.80000000000291,-4036.6500000000087,4036.6500000000087
2022-04-26 ,Bearish,09:15:00,TCS,3557.95,3544.0,15:29:00,16,,-223.1999999999971,-4259.850000000006,4259.850000000006
2022-04-27 ,Bullish,09:23:00,TCS,3534.9,3560.0,15:29:00,16,,401.59999999999854,-3858.2500000000073,3858.2500000000073
2022-04-28 ,Bullish,09:15:00,TCS,3579.15,3580.0,15:29:00,15,,12.75,-3845.5000000000073,3845.5000000000073
2022-04-29 ,Bearish,09:15:00,TCS,3590.35,3548.0,15:29:00,15,,-635.25,-4480.750000000007,4480.750000000007
2022-05-02 ,Bullish,09:21:00,TCS,3530.8,3538.7,15:29:00,16,,126.39999999999418,-4354.350000000013,4354.350000000013
2022-05-04 ,Bearish,09:17:00,TCS,3520.0,3483.0,15:29:00,16,,-592.0,-4946.350000000013,4946.350000000013
2022-05-05 ,Bullish,09:15:00,TCS,3499.65,3508.75,15:29:00,16,,145.59999999999854,-4800.750000000015,4800.750000000015
2022-05-06 ,Bearish,09:18:00,TCS,3467.0,3441.0,15:29:00,16,,-416.0,-5216.750000000015,5216.750000000015
2022-05-09 ,Bullish,09:19:00,TCS,3380.1,3445.05,15:29:00,16,,1039.2000000000044,-4177.55000000001,4177.55000000001
2022-05-10 ,Bearish,09:15:00,TCS,3447.95,3439.5,15:29:00,16,,-135.1999999999971,-4312.750000000007,4312.750000000007
2022-05-11 ,Bearish,09:18:00,TCS,3438.8,3422.25,15:29:00,16,,-264.8000000000029,-4577.55000000001,4577.55000000001
2022-05-12 ,Bullish,09:16:00,TCS,3369.3,3415.0,15:29:00,16,,731.1999999999971,-3846.350000000013,3846.350000000013
2022-05-13 ,Bearish,09:21:00,TCS,3410.6,3408.0,15:29:00,16,,-41.599999999998545,-3887.9500000000116,3887.9500000000116
2022-05-16 ,Bearish,09:20:00,TCS,3411.0,3385.0,15:29:00,16,,-416.0,-4303.950000000012,4303.950000000012
2022-05-17 ,Bullish,09:16:00,TCS,3367.9,3466.75,15:29:00,16,,1581.5999999999985,-2722.350000000013,2722.350000000013
2022-05-18 ,Bearish,09:15:00,TCS,3474.35,3455.0,15:29:00,16,,-309.59999999999854,-3031.9500000000116,3031.9500000000116
2022-05-19 ,Bearish,09:24:00,TCS,3369.9,3271.9,15:29:00,16,,-1568.0,-4599.950000000012,4599.950000000012
2022-05-20 ,Bearish,09:15:00,TCS,3298.75,3298.0,15:29:00,17,,-12.75,-4612.700000000012,4612.700000000012
2022-05-23 ,Bullish,09:16:00,TCS,3298.1,3317.1,15:29:00,17,,323.0,-4289.700000000012,4289.700000000012
2022-05-24 ,Bearish,09:19:00,TCS,3298.55,3291.9,15:29:00,17,,-113.05000000000291,-4402.750000000015,4402.750000000015
2022-05-25 ,Bearish,09:23:00,TCS,3243.4,3165.25,15:29:00,17,,-1328.550000000003,-5731.3000000000175,5731.3000000000175
2022-05-26 ,Bullish,09:15:00,TCS,3195.75,3229.95,15:29:00,17,,581.3999999999942,-5149.900000000023,5149.900000000023
2022-05-27 ,Bullish,09:15:00,TCS,3251.2,3266.7,15:29:00,17,,263.5,-4886.400000000023,4886.400000000023
2022-05-30 ,Bullish,09:15:00,TCS,3301.65,3380.0,15:29:00,17,,1331.949999999997,-3554.450000000026,3554.450000000026
2022-05-31 ,Bullish,09:19:00,TCS,3344.0,3365.0,15:29:00,17,,357.0,-3197.450000000026,3197.450000000026
2022-06-01 ,Bearish,09:15:00,TCS,3373.6,3356.0,15:29:00,16,,-281.59999999999854,-3479.0500000000247,3479.0500000000247
2022-06-02 ,Bullish,09:15:00,TCS,3370.6,3425.0,15:29:00,16,,870.4000000000015,-2608.6500000000233,2608.6500000000233
2022-06-03 ,Bearish,09:15:00,TCS,3460.6,3439.5,15:29:00,16,,-337.59999999999854,-2946.250000000022,2946.250000000022
2022-06-06 ,Bullish,09:35:00,TCS,3396.85,3432.95,15:29:00,16,,577.5999999999985,-2368.6500000000233,2368.6500000000233
2022-06-07 ,Bearish,09:17:00,TCS,3394.05,3361.0,15:29:00,16,,-528.8000000000029,-2897.450000000026,2897.450000000026
2022-06-08 ,Bullish,09:15:00,TCS,3365.6,3390.4,15:29:00,16,,396.8000000000029,-2500.6500000000233,2500.6500000000233
2022-06-09 ,Bullish,09:24:00,TCS,3368.4,3434.9,15:29:00,16,,1064.0,-1436.6500000000233,1436.6500000000233
2022-06-10 ,Bearish,10:18:00,TCS,3358.7,3356.5,15:29:00,17,,-37.39999999999418,-1474.0500000000175,1474.0500000000175
2022-06-13 ,Bearish,09:16:00,TCS,3279.75,3225.0,15:29:00,17,,-930.75,-2404.8000000000175,2404.8000000000175
2022-06-14 ,Bullish,09:16:00,TCS,3194.85,3215.0,15:29:00,17,,342.5500000000029,-2062.2500000000146,2062.2500000000146
2022-06-15 ,Bearish,09:15:00,TCS,3224.75,3205.0,15:29:00,17,,-335.75,-2398.0000000000146,2398.0000000000146
2022-06-16 ,Bearish,09:15:00,TCS,3234.6,3145.0,15:29:00,17,,-1523.199999999997,-3921.2000000000116,3921.2000000000116
2022-06-17 ,Bullish,09:16:00,TCS,3078.0,3103.0,15:29:00,18,,450.0,-3471.2000000000116,3471.2000000000116
2022-06-20 ,Bullish,09:15:00,TCS,3104.7,3134.95,15:29:00,18,,544.5,-2926.7000000000116,2926.7000000000116
2022-06-21 ,Bullish,09:15:00,TCS,3135.5,3215.0,15:29:00,18,,1431.0,-1495.7000000000116,1495.7000000000116
2022-06-22 ,Bullish,09:16:00,TCS,3200.6,3225.0,15:29:00,17,,414.8000000000029,-1080.9000000000087,1080.9000000000087
2022-06-23 ,Bullish,09:15:00,TCS,3239.05,3312.95,15:29:00,17,,1256.2999999999884,175.39999999997963,-175.39999999997963
2022-06-24 ,Bearish,09:15:00,TCS,3337.25,3295.05,15:29:00,17,,-717.3999999999942,-542.0000000000146,542.0000000000146
2022-06-27 ,Bearish,09:15:00,TCS,3342.8,3320.95,15:29:00,17,,-371.45000000001164,-913.4500000000262,913.4500000000262
2022-06-28 ,Bullish,10:04:00,TCS,3283.0,3318.25,15:29:00,17,,599.25,-314.2000000000262,314.2000000000262
2022-06-29 ,Bearish,09:16:00,TCS,3298.3,3287.0,15:29:00,17,,-192.10000000000582,-506.300000000032,506.300000000032
2022-06-30 ,Bearish,09:16:00,TCS,3300.4,3264.5,15:29:00,17,,-610.3000000000029,-1116.600000000035,1116.600000000035
2022-07-01 ,Bullish,09:16:00,TCS,3284.1,3331.0,15:29:00,17,,797.3000000000029,-319.300000000032,319.300000000032
2022-07-04 ,Bearish,10:17:00,TCS,3251.95,3234.8,15:29:00,17,,-291.54999999998836,-610.8500000000204,610.8500000000204
2022-07-05 ,Bearish,09:15:00,TCS,3254.95,3217.0,15:29:00,17,,-645.1499999999942,-1256.0000000000146,1256.0000000000146
2022-07-06 ,Bullish,09:15:00,TCS,3233.75,3265.0,15:29:00,17,,531.25,-724.7500000000146,724.7500000000146
2022-07-07 ,Bullish,09:15:00,TCS,3275.4,3294.0,15:29:00,17,,316.1999999999971,-408.55000000001746,408.55000000001746
2022-07-08 ,Bearish,09:17:00,TCS,3291.4,3266.5,15:29:00,17,,-423.3000000000029,-831.8500000000204,831.8500000000204
2022-07-11 ,Bearish,09:52:00,TCS,3134.95,3111.9,15:29:00,18,,-414.8999999999942,-1246.7500000000146,1246.7500000000146
2022-07-12 ,Bearish,09:15:00,TCS,3123.7,3084.5,15:29:00,18,,-705.5999999999985,-1952.350000000013,1952.350000000013
2022-07-13 ,Bearish,09:15:00,TCS,3107.9,3040.9,15:29:00,18,,-1206.0,-3158.350000000013,3158.350000000013
2022-07-14 ,Bearish,09:15:00,TCS,3049.45,3002.0,15:29:00,18,,-854.0999999999985,-4012.4500000000116,4012.4500000000116
2022-07-15 ,Bearish,09:15:00,TCS,3019.55,2995.05,15:29:00,18,,-441.0,-4453.450000000012,4453.450000000012
2022-07-18 ,Bullish,09:15:00,TCS,3031.0,3065.9,15:29:00,18,,628.2000000000044,-3825.2500000000073,3825.2500000000073
2022-07-19 ,Bullish,09:17:00,TCS,3040.75,3074.0,15:29:00,18,,598.5,-3226.7500000000073,3226.7500000000073
2022-07-20 ,Bullish,09:15:00,TCS,3106.65,3160.0,15:29:00,18,,960.2999999999956,-2266.4500000000116,2266.4500000000116
2022-07-21 ,Bullish,09:17:00,TCS,3157.9,3178.95,15:29:00,18,,378.8999999999942,-1887.5500000000175,1887.5500000000175
2022-07-22 ,Bearish,09:15:00,TCS,3194.15,3171.15,15:29:00,17,,-391.0,-2278.5500000000175,2278.5500000000175
2022-07-25 ,Bullish,09:19:00,TCS,3160.9,3165.0,15:29:00,18,,73.79999999999563,-2204.750000000022,2204.750000000022
2022-07-26 ,Bearish,09:17:00,TCS,3158.7,3118.0,15:29:00,18,,-732.5999999999985,-2937.3500000000204,2937.3500000000204
2022-07-27 ,Bullish,09:15:00,TCS,3125.0,3186.35,15:29:00,18,,1104.2999999999956,-1833.0500000000247,1833.0500000000247
2022-07-28 ,Bullish,09:15:00,TCS,3210.25,3262.0,15:29:00,17,,879.75,-953.3000000000247,953.3000000000247
2022-07-29 ,Bullish,09:15:00,TCS,3285.45,3300.0,15:29:00,17,,247.35000000000582,-705.9500000000189,705.9500000000189
2022-08-01 ,Bearish,09:15:00,TCS,3302.85,3298.65,15:29:00,17,,-71.39999999999418,-777.3500000000131,777.3500000000131
2022-08-02 ,Bearish,09:20:00,TCS,3290.45,3284.0,15:29:00,17,,-109.64999999999418,-887.0000000000073,887.0000000000073
2022-08-03 ,Bullish,09:16:00,TCS,3287.95,3337.0,15:29:00,17,,833.8500000000058,-53.150000000001455,53.150000000001455
2022-08-04 ,Bearish,09:15:00,TCS,3357.65,3355.0,15:29:00,17,,-45.05000000000291,-98.20000000000437,98.20000000000437
2022-08-05 ,Bullish,09:15:00,TCS,3363.0,3363.8,15:29:00,16,,12.80000000000291,-85.40000000000146,85.40000000000146
2022-08-08 ,Bullish,09:15:00,TCS,3368.55,3375.85,15:29:00,16,,116.79999999999563,31.39999999999418,-31.39999999999418
2022-08-10 ,Bearish,09:21:00,TCS,3361.0,3351.8,15:29:00,17,,-156.39999999999418,-125.0,125.0
2022-08-11 ,Bullish,09:15:00,TCS,3386.0,3415.0,15:29:00,16,,464.0,339.0,-339.0
2022-08-12 ,Bearish,09:18:00,TCS,3409.3,3402.0,15:29:00,16,,-116.80000000000291,222.1999999999971,-222.1999999999971
2022-08-16 ,Bearish,09:15:00,TCS,3406.55,3393.0,15:29:00,16,,-216.8000000000029,5.399999999994179,-5.399999999994179
2022-08-17 ,Bullish,09:16:00,TCS,3380.15,3393.35,15:29:00,16,,211.1999999999971,216.59999999999127,-216.59999999999127
2022-08-18 ,Bearish,09:18:00,TCS,3383.65,3381.0,15:29:00,16,,-42.400000000001455,174.1999999999898,-174.1999999999898
2022-08-19 ,Bearish,09:15:00,TCS,3390.9,3386.95,15:29:00,16,,-63.200000000004366,110.99999999998545,-110.99999999998545
2022-08-22 ,Bearish,09:21:00,TCS,3362.25,3354.0,15:29:00,16,,-132.0,-21.000000000014552,21.000000000014552
2022-08-23 ,Bearish,09:24:00,TCS,3317.7,3301.15,15:29:00,17,,-281.34999999999127,-302.3500000000058,302.3500000000058
2022-08-24 ,Bearish,09:16:00,TCS,3301.45,3254.1,15:29:00,17,,-804.9499999999971,-1107.300000000003,1107.300000000003
2022-08-25 ,Bearish,09:15:00,TCS,3269.65,3220.0,15:29:00,17,,-844.0500000000029,-1951.3500000000058,1951.3500000000058
2022-08-26 ,Bearish,09:15:00,TCS,3240.9,3223.95,15:29:00,17,,-288.15000000000873,-2239.5000000000146,2239.5000000000146
2022-08-29 ,Bullish,09:18:00,TCS,3100.7,3138.0,15:29:00,18,,671.4000000000015,-1568.100000000013,1568.100000000013
2022-08-30 ,Bullish,09:15:00,TCS,3153.75,3208.1,15:29:00,18,,978.2999999999956,-589.8000000000175,589.8000000000175
2022-09-01 ,Bearish,09:19:00,TCS,3146.0,3135.95,15:29:00,18,,-180.90000000000146,-770.7000000000189,770.7000000000189
2022-09-02 ,Bearish,09:15:00,TCS,3152.3,3127.45,15:29:00,18,,-447.3000000000029,-1218.0000000000218,1218.0000000000218
2022-09-05 ,Bullish,09:16:00,TCS,3133.1,3140.0,15:29:00,18,,124.20000000000437,-1093.8000000000175,1093.8000000000175
2022-09-06 ,Bearish,09:16:00,TCS,3138.6,3127.0,15:29:00,18,,-208.79999999999563,-1302.600000000013,1302.600000000013
2022-09-07 ,Bullish,09:17:00,TCS,3112.75,3153.0,15:29:00,18,,724.5,-578.1000000000131,578.1000000000131
2022-09-08 ,Bearish,09:15:00,TCS,3172.9,3164.9,15:29:00,18,,-144.0,-722.1000000000131,722.1000000000131
2022-09-09 ,Bullish,09:15:00,TCS,3187.0,3222.9,15:29:00,17,,610.3000000000029,-111.80000000001019,111.80000000001019
2022-09-12 ,Bearish,09:15:00,TCS,3244.0,3238.0,15:29:00,17,,-102.0,-213.8000000000102,213.8000000000102
2022-09-13 ,Bearish,09:15:00,TCS,3261.25,3233.0,15:29:00,17,,-480.25,-694.0500000000102,694.0500000000102
2022-09-14 ,Bearish,09:16:00,TCS,3130.0,3125.0,15:29:00,18,,-90.0,-784.0500000000102,784.0500000000102
2022-09-15 ,Bearish,09:15:00,TCS,3133.5,3105.5,15:29:00,18,,-504.0,-1288.0500000000102,1288.0500000000102
2022-09-16 ,Bearish,09:27:00,TCS,3047.55,3014.5,15:29:00,18,,-594.9000000000015,-1882.9500000000116,1882.9500000000116
2022-09-19 ,Bullish,09:15:00,TCS,3017.9,3027.95,15:29:00,18,,180.89999999999418,-1702.0500000000175,1702.0500000000175
2022-09-20 ,Bearish,09:15:00,TCS,3046.65,3033.0,15:29:00,18,,-245.70000000000437,-1947.7500000000218,1947.7500000000218
2022-09-21 ,Bearish,09:15:00,TCS,3037.45,3001.9,15:29:00,18,,-639.8999999999942,-2587.650000000016,2587.650000000016
2022-09-22 ,Bullish,09:18:00,TCS,2987.8,3008.35,15:29:00,19,,390.4499999999971,-2197.200000000019,2197.200000000019
2022-09-23 ,Bearish,09:21:00,TCS,2997.95,2986.65,15:29:00,19,,-214.6999999999971,-2411.900000000016,2411.900000000016
2022-09-26 ,Bullish,09:21:00,TCS,2940.0,3000.0,15:29:00,19,,1140.0,-1271.900000000016,1271.900000000016
2022-09-27 ,Bullish,09:15:00,TCS,3003.05,3024.4,15:29:00,19,,405.6499999999942,-866.2500000000218,866.2500000000218
2022-09-28 ,Bullish,09:21:00,TCS,2999.7,3027.95,15:29:00,19,,536.75,-329.5000000000218,329.5000000000218
2022-09-29 ,Bearish,09:15:00,TCS,3039.85,3010.0,15:29:00,18,,-537.2999999999956,-866.8000000000175,866.8000000000175
2022-09-30 ,Bullish,09:48:00,TCS,2961.65,3008.0,15:29:00,19,,880.6500000000015,13.849999999983993,-13.849999999983993
2022-10-03 ,Bullish,09:17:00,TCS,2985.35,2987.6,15:29:00,19,,42.75,56.59999999998399,-56.59999999998399
2022-10-04 ,Bullish,09:15:00,TCS,3033.9,3095.0,15:29:00,18,,1099.7999999999956,1156.3999999999796,-1156.3999999999796
2022-10-06 ,Bearish,09:15:00,TCS,3119.15,3093.0,15:29:00,18,,-470.70000000000437,685.6999999999753,-685.6999999999753
2022-10-07 ,Bearish,09:18:00,TCS,3086.65,3068.0,15:29:00,18,,-335.70000000000437,349.9999999999709,-349.9999999999709
2022-10-10 ,Bullish,09:16:00,TCS,3055.1,3124.35,15:29:00,18,,1246.5,1596.499999999971,-1596.499999999971
2022-10-11 ,Bearish,09:16:00,TCS,3137.35,3064.0,15:29:00,18,,-1320.2999999999956,276.19999999997526,-276.19999999997526
2022-10-12 ,Bullish,09:15:00,TCS,3087.9,3099.0,15:29:00,18,,199.79999999999563,475.9999999999709,-475.9999999999709
2022-10-13 ,Bullish,09:18:00,TCS,3084.0,3100.15,15:29:00,18,,290.70000000000437,766.6999999999753,-766.6999999999753
2022-10-14 ,Bearish,09:15:00,TCS,3138.3,3101.0,15:29:00,18,,-671.4000000000015,95.2999999999738,-95.2999999999738
2022-10-17 ,Bullish,09:19:00,TCS,3085.25,3110.0,15:29:00,18,,445.5,540.7999999999738,-540.7999999999738
2022-10-18 ,Bearish,09:15:00,TCS,3142.0,3137.0,15:29:00,18,,-90.0,450.7999999999738,-450.7999999999738
2022-10-19 ,Bearish,09:15:00,TCS,3146.7,3121.0,15:29:00,18,,-462.59999999999854,-11.800000000024738,11.800000000024738
2022-10-20 ,Bullish,09:18:00,TCS,3120.65,3157.95,15:29:00,18,,671.3999999999942,659.5999999999694,-659.5999999999694
2022-10-21 ,Bearish,09:17:00,TCS,3148.95,3138.0,15:29:00,18,,-197.09999999999854,462.4999999999709,-462.4999999999709
2022-10-25 ,Bearish,18:15:00,TCS,3176.3,3160.15,15:29:00,17,,-274.5500000000029,187.94999999996799,-187.94999999996799
2022-10-27 ,Bearish,09:15:00,TCS,3167.75,3162.05,15:29:00,18,,-102.59999999999854,85.34999999996944,-85.34999999996944
2022-10-28 ,Bearish,09:16:00,TCS,3163.9,3154.25,15:29:00,18,,-173.70000000000437,-88.35000000003492,88.35000000003492
2022-10-31 ,Bearish,09:15:00,TCS,3192.1,3180.15,15:29:00,17,,-203.14999999999418,-291.5000000000291,291.5000000000291
2022-11-01 ,Bullish,09:15:00,TCS,3215.25,3259.0,15:29:00,17,,743.75,452.2499999999709,-452.2499999999709
2022-11-02 ,Bearish,09:19:00,TCS,3248.95,3237.0,15:29:00,17,,-203.14999999999418,249.09999999997672,-249.09999999997672
2022-11-03 ,Bearish,09:17:00,TCS,3224.85,3207.0,15:29:00,17,,-303.4499999999971,-54.35000000002037,54.35000000002037
2022-11-04 ,Bullish,09:16:00,TCS,3201.3,3219.0,15:29:00,17,,300.8999999999942,246.5499999999738,-246.5499999999738
2022-11-07 ,Bearish,09:15:00,TCS,3239.35,3230.8,15:29:00,17,,-145.34999999999127,101.19999999998254,-101.19999999998254
2022-11-09 ,Bearish,09:15:00,TCS,3243.45,3210.0,15:29:00,17,,-568.6499999999942,-467.45000000001164,467.45000000001164
2022-11-10 ,Bearish,09:15:00,TCS,3215.5,3205.0,15:29:00,17,,-178.5,-645.9500000000116,645.9500000000116
2022-11-11 ,Bullish,09:15:00,TCS,3266.8,3316.0,15:29:00,17,,836.3999999999942,190.44999999998254,-190.44999999998254
2022-11-14 ,Bullish,09:15:00,TCS,3322.95,3331.65,15:29:00,17,,147.90000000000873,338.34999999999127,-338.34999999999127
2022-11-15 ,Bullish,09:18:00,TCS,3328.65,3338.9,15:29:00,17,,174.25,512.5999999999913,-512.5999999999913
2022-11-16 ,Bullish,09:20:00,TCS,3332.15,3360.0,15:29:00,17,,473.4499999999971,986.0499999999884,-986.0499999999884
2022-11-17 ,Bullish,09:16:00,TCS,3338.85,3345.0,15:29:00,17,,104.55000000000291,1090.5999999999913,-1090.5999999999913
2022-11-18 ,Bearish,09:15:00,TCS,3346.6,3344.15,15:29:00,17,,-41.64999999999418,1048.949999999997,-1048.949999999997
2022-11-21 ,Bearish,09:17:00,TCS,3318.9,3282.8,15:29:00,17,,-613.6999999999971,435.25,-435.25
2022-11-22 ,Bullish,09:31:00,TCS,3264.35,3311.0,15:29:00,17,,793.0500000000029,1228.300000000003,-1228.300000000003
2022-11-23 ,Bearish,09:15:00,TCS,3318.95,3306.0,15:29:00,17,,-220.14999999999418,1008.1500000000087,-1008.1500000000087
2022-11-24 ,Bullish,09:15:00,TCS,3312.65,3383.0,15:29:00,17,,1195.949999999997,2204.100000000006,-2204.100000000006
2022-11-25 ,Bullish,09:26:00,TCS,3362.0,3384.0,15:29:00,16,,352.0,2556.100000000006,-2556.100000000006
2022-11-28 ,Bullish,09:31:00,TCS,3376.4,3392.0,15:29:00,16,,249.59999999999854,2805.7000000000044,-2805.7000000000044
2022-11-29 ,Bearish,09:15:00,TCS,3405.0,3390.0,15:29:00,16,,-240.0,2565.7000000000044,-2565.7000000000044
2022-11-30 ,Bearish,09:15:00,TCS,3404.65,3401.0,15:29:00,16,,-58.400000000001455,2507.300000000003,-2507.300000000003
2022-12-01 ,Bullish,09:15:00,TCS,3446.0,3473.2,15:29:00,16,,435.1999999999971,2942.5,-2942.5
2022-12-02 ,Bearish,09:19:00,TCS,3442.55,3437.1,15:29:00,16,,-87.20000000000437,2855.2999999999956,-2855.2999999999956
2022-12-05 ,Bullish,09:20:00,TCS,3423.45,3425.0,15:29:00,16,,24.80000000000291,2880.0999999999985,-2880.0999999999985
2022-12-06 ,Bearish,09:32:00,TCS,3396.2,3385.0,15:29:00,16,,-179.1999999999971,2700.9000000000015,-2700.9000000000015
2022-12-07 ,Bullish,09:33:00,TCS,3363.0,3370.0,15:29:00,16,,112.0,2812.9000000000015,-2812.9000000000015
2022-12-08 ,Bullish,09:25:00,TCS,3347.8,3355.0,15:29:00,17,,122.39999999999418,2935.2999999999956,-2935.2999999999956
2022-12-09 ,Bearish,09:15:00,TCS,3356.7,3290.0,15:29:00,17,,-1133.8999999999942,1801.4000000000015,-1801.4000000000015
2022-12-12 ,Bullish,09:29:00,TCS,3250.3,3285.0,15:29:00,17,,589.8999999999942,2391.2999999999956,-2391.2999999999956
2022-12-13 ,Bullish,09:16:00,TCS,3279.5,3327.5,15:29:00,17,,816.0,3207.2999999999956,-3207.2999999999956
2022-12-14 ,Bullish,09:15:00,TCS,3347.15,3363.0,15:29:00,17,,269.4499999999971,3476.7499999999927,-3476.7499999999927
